generate_word_ladder("cat", "dog", word_list).size() == 4cat
cat -> at
cat -> atom
cat -> atop
cat -> bat
cat -> cab
cat -> cam
cat -> can
cat -> cant
cat -> cap
cat -> car
cat -> cart
cat -> cast
cat -> cats
cat -> caw
cat -> chat
cat -> coat
cat -> cot
cat -> cut
cat -> eat
cat -> fat
cat -> hat
cat -> mat
cat -> nat
cat -> oat
cat -> pat
cat -> rat
cat -> sat
cat -> vat
cat -> at -> act
cat -> at -> ad
 passed
generate_word_ladder("marty", "curls", word_list).size() == 6marty
marty -> carty
marty -> marcy
marty -> marry
marty -> mart
marty -> marts
marty -> martyr
marty -> mary
marty -> mawr
marty -> party
marty -> carty -> carey
marty -> carty -> carry
marty -> carty -> cart
marty -> carty -> carts
marty -> carty -> char
marty -> carty -> czar
marty -> carty -> scar
marty -> marcy -> marc
marty -> marcy -> march
marty -> marcy -> marco
marty -> marcy -> mercy
marty -> marry -> barry
marty -> marry -> darry
marty -> marry -> garry
marty -> marry -> harry
marty -> marry -> larry
marty -> marry -> merry
marty -> marry -> parry
marty -> marry -> tarry
marty -> mart -> art
marty -> mart -> artie
marty -> mart -> bart
marty -> mart -> dart
marty -> mart -> hart
marty -> mart -> malt
marty -> mart -> mare
marty -> mart -> mark
marty -> mart -> mars
marty -> mart -> marx
marty -> mart -> mast
marty -> mart -> mat
marty -> mart -> match
marty -> mart -> mated
marty -> mart -> mateo
marty -> mart -> mater
marty -> mart -> mates
marty -> mart -> matt
marty -> mart -> part
marty -> mart -> smart
marty -> mart -> tart
marty -> mart -> wart
marty -> marts -> arts
marty -> marts -> darts
marty -> marts -> malts
marty -> marts -> mares
marty -> marts -> marks
marty -> marts -> marsha
marty -> marts -> masts
marty -> marts -> mats
marty -> marts -> matson
marty -> marts -> parts
marty -> marts -> warts
marty -> martyr -> martyrs
marty -> mary -> aryan
marty -> mary -> gary
marty -> mary -> many
marty -> mary -> may
marty -> mary -> maybe
marty -> mary -> mayer
marty -> mary -> mayor
marty -> mary -> nary
marty -> mary -> vary
marty -> mary -> wary
marty -> mawr -> mardi
marty -> mawr -> margo
marty -> mawr -> marie
marty -> mawr -> marin
marty -> mawr -> mario
marty -> mawr -> marsh
marty -> party -> pair
marty -> party -> panty
marty -> party -> parity
marty -> party -> partly
marty -> party -> patty
marty -> party -> pear
marty -> carty -> carey -> care
marty -> carty -> carey -> cared
marty -> carty -> carey -> cares
marty -> carty -> carey -> caret
marty -> carty -> carey -> casey
marty -> carty -> carey -> corey
marty -> carty -> carry -> carr
marty -> carty -> carry -> curry
marty -> carty -> cart -> cant
marty -> carty -> cart -> car
marty -> carty -> cart -> card
marty -> carty -> cart -> carl
marty -> carty -> cart -> carp
marty -> carty -> cart -> cars
marty -> carty -> cart -> cast
marty -> carty -> cart -> cat
marty -> carty -> cart -> catch
marty -> carty -> cart -> cater
marty -> carty -> cart -> cathy
marty -> carty -> cart -> chart
marty -> carty -> cart -> curt
marty -> carty -> carts -> cards
marty -> carty -> carts -> carson
marty -> carty -> carts -> casts
marty -> carty -> carts -> cats
marty -> carty -> carts -> catsup
marty -> carty -> carts -> charts
marty -> carty -> char -> cargo
marty -> carty -> char -> carib
marty -> carty -> char -> carla
marty -> carty -> char -> carlo
marty -> carty -> char -> carol
marty -> carty -> char -> carve
marty -> carty -> char -> chad
marty -> carty -> char -> chair
marty -> carty -> char -> chao
marty -> carty -> char -> chap
marty -> carty -> char -> charm
marty -> carty -> char -> chars
marty -> carty -> char -> chat
marty -> carty -> char -> chris
marty -> carty -> char -> hardy
marty -> carty -> char -> harem
marty -> carty -> char -> hares
marty -> carty -> char -> harms
marty -> carty -> char -> harpy
marty -> carty -> char -> harsh
marty -> carty -> scar -> oscar
marty -> carty -> scar -> sarah
marty -> carty -> scar -> saran
marty -> carty -> scar -> scab
marty -> carty -> scar -> scan
marty -> carty -> scar -> scare
marty -> carty -> scar -> scarf
marty -> carty -> scar -> scars
marty -> carty -> scar -> scary
marty -> carty -> scar -> scram
marty -> carty -> scar -> scrap
marty -> carty -> scar -> screw
marty -> carty -> scar -> scrub
marty -> carty -> scar -> sear
marty -> carty -> scar -> soar
marty -> carty -> scar -> star
marty -> marcy -> marc -> arc
marty -> marcy -> marc -> arced
marty -> marcy -> marc -> mac
marty -> marcy -> marc -> maced
marty -> marcy -> marc -> maces
marty -> marcy -> marc -> macho
marty -> marcy -> marc -> macon
marty -> marcy -> marc -> macro
marty -> marcy -> marc -> parc
marty -> marcy -> march -> arch
marty -> marcy -> march -> arched
marty -> marcy -> march -> archer
marty -> marcy -> march -> arches
marty -> marcy -> march -> archie
marty -> marcy -> march -> archly
marty -> marcy -> march -> mach
marty -> marcy -> march -> parch
marty -> marcy -> marco -> arco
marty -> marcy -> marco -> maroon
marty -> marcy -> mercy -> merck
marty -> marcy -> mercy -> percy
marty -> marry -> barry -> barr
marty -> marry -> barry -> bear
marty -> marry -> barry -> berry
marty -> marry -> barry -> boar
marty -> marry -> darry -> dairy
marty -> marry -> darry -> dear
marty -> marry -> garry -> gear
marty -> marry -> garry -> gerry
marty -> marry -> harry -> hair
marty -> marry -> harry -> hairy
marty -> marry -> harry -> hear
marty -> marry -> harry -> hoar
marty -> marry -> harry -> hurry
marty -> marry -> larry -> lair
marty -> marry -> larry -> larynx
marty -> marry -> larry -> lear
marty -> marry -> larry -> liar
marty -> marry -> larry -> lorry
marty -> marry -> merry -> ferry
marty -> marry -> merry -> jerry
marty -> marry -> merry -> perry
marty -> marry -> parry -> parr
marty -> marry -> parry -> parrs
marty -> marry -> tarry -> starry
marty -> marry -> tarry -> tardy
marty -> marry -> tarry -> tear
marty -> mart -> art -> act
marty -> mart -> art -> aft
marty -> mart -> art -> ant
marty -> mart -> art -> apt
marty -> mart -> art -> are
marty -> mart -> art -> ark
marty -> mart -> art -> arm
marty -> mart -> art -> at
marty -> mart -> art -> atom
marty -> mart -> art -> atop
marty -> mart -> art -> ha
marty -> mart -> artie -> artery
marty -> mart -> bart -> bait
marty -> mart -> bart -> bar
marty -> mart -> bart -> barb
marty -> mart -> bart -> bard
marty -> mart -> bart -> bare
marty -> mart -> bart -> bark
marty -> mart -> bart -> barn
marty -> mart -> bart -> bars
marty -> mart -> bart -> barth
marty -> mart -> bart -> bat
marty -> mart -> bart -> batch
marty -> mart -> bart -> bates
marty -> mart -> bart -> bathe
marty -> mart -> bart -> baths
marty -> mart -> bart -> baton
marty -> mart -> bart -> bator
marty -> mart -> bart -> bert
marty -> mart -> bart -> boa
marty -> mart -> bart -> burt
marty -> mart -> dart -> dar
marty -> mart -> dart -> dare
marty -> mart -> dart -> dark
marty -> mart -> dart -> darn
marty -> mart -> dart -> dated
marty -> mart -> dart -> dater
marty -> mart -> dart -> dates
marty -> mart -> dart -> datum
marty -> mart -> dart -> dirt
marty -> mart -> dart -> ida
marty -> mart -> hart -> halt
marty -> mart -> hart -> hard
marty -> mart -> hart -> hare
marty -> mart -> hart -> hark
marty -> mart -> hart -> harm
marty -> mart -> hart -> harp
marty -> mart -> hart -> hat
marty -> mart -> hart -> hatch
marty -> mart -> hart -> hated
marty -> mart -> hart -> hater
marty -> mart -> hart -> hates
marty -> mart -> hart -> heart
marty -> mart -> hart -> hurt
marty -> mart -> malt -> altar
marty -> mart -> malt -> alter
marty -> mart -> malt -> alton
marty -> mart -> malt -> altos
marty -> mart -> malt -> galt
marty -> mart -> malt -> male
marty -> mart -> malt -> mali
marty -> mart -> malt -> mall
marty -> mart -> malt -> malta
marty -> mart -> malt -> melt
marty -> mart -> malt -> salt
marty -> mart -> malt -> walt
marty -> mart -> mare -> areas
marty -> mart -> mare -> arena
marty -> mart -> mare -> fare
marty -> mart -> mare -> mace
marty -> mart -> mare -> made
marty -> mart -> mare -> mae
marty -> mart -> mare -> make
marty -> mart -> mare -> mane
marty -> mart -> mare -> mate
marty -> mart -> mare -> maze
marty -> mart -> mare -> mere
marty -> mart -> mare -> mire
marty -> mart -> mare -> more
marty -> mart -> mare -> pare
marty -> mart -> mare -> rare
marty -> mart -> mare -> ware
marty -> mart -> mark -> lark
marty -> mart -> mark -> maker
marty -> mart -> mark -> makes
marty -> mart -> mark -> mask
marty -> mart -> mark -> park
marty -> mart -> mars -> arson
marty -> mart -> mars -> ears
marty -> mart -> mars -> jars
marty -> mart -> mars -> lars
marty -> mart -> mars -> mans
marty -> mart -> mars -> maps
marty -> mart -> mars -> masks
marty -> mart -> mars -> mason
marty -> mart -> mars -> mass
marty -> mart -> mars -> oars
marty -> mart -> mars -> pars
marty -> mart -> mars -> wars
marty -> mart -> marx -> max
marty -> mart -> marx -> maxim
marty -> mart -> mast -> aster
marty -> mart -> mast -> aston
marty -> mart -> mast -> astor
marty -> mart -> mast -> east
marty -> mart -> mast -> fast
marty -> mart -> mast -> last
marty -> mart -> mast -> mash
marty -> mart -> mast -> mist
marty -> mart -> mast -> most
marty -> mart -> mast -> must
marty -> mart -> mast -> past
marty -> mart -> mast -> vast
marty -> mart -> mat -> eat
marty -> mart -> mat -> em
marty -> mart -> mat -> fat
marty -> mart -> mat -> mad
marty -> mart -> mat -> man
marty -> mart -> mat -> mao
marty -> mart -> mat -> map
marty -> mart -> mat -> math
marty -> mart -> mat -> meat
marty -> mart -> mat -> met
marty -> mart -> mat -> moat
marty -> mart -> mat -> nat
marty -> mart -> mat -> oat
marty -> mart -> mat -> pat
marty -> mart -> mat -> rat
marty -> mart -> mat -> sat
marty -> mart -> mat -> vat
marty -> mart -> match -> latch
marty -> mart -> match -> mitch
marty -> mart -> match -> patch
marty -> mart -> match -> watch
marty -> mart -> mated -> fated
marty -> mart -> mated -> gated
marty -> mart -> mated -> malted
marty -> mart -> mated -> masted
marty -> mart -> mated -> matted
marty -> mart -> mated -> meted
marty -> mart -> mated -> muted
marty -> mart -> mated -> rated
marty -> mart -> mated -> sated
marty -> mart -> mater -> eater
marty -> mart -> mater -> later
marty -> mart -> mater -> maier
marty -> mart -> mater -> master
marty -> mart -> mater -> matrix
marty -> mart -> mater -> matron
marty -> mart -> mater -> matter
marty -> mart -> mater -> meter
marty -> mart -> mater -> miter
marty -> mart -> mater -> rater
marty -> mart -> mater -> water
marty -> mart -> mates -> fates
marty -> mart -> mates -> gates
marty -> mart -> mates -> males
marty -> mart -> mates -> manes
marty -> mart -> mates -> mazes
marty -> mart -> mates -> metes
marty -> mart -> mates -> rates
marty -> mart -> mates -> sates
marty -> mart -> mates -> yates
marty -> mart -> matt -> attic
marty -> mart -> matt -> mutt
marty -> mart -> part -> pact
marty -> mart -> part -> pant
marty -> mart -> part -> par
marty -> mart -> part -> paten
marty -> mart -> part -> paths
marty -> mart -> part -> patio
marty -> mart -> part -> patsy
marty -> mart -> part -> patti
marty -> mart -> part -> pea
marty -> mart -> part -> port
marty -> mart -> part -> spa
marty -> mart -> smart -> marten
marty -> mart -> smart -> martha
marty -> mart -> smart -> sartre
marty -> mart -> smart -> start
marty -> mart -> tart -> tact
marty -> mart -> tart -> taft
marty -> mart -> tart -> tar
marty -> mart -> tart -> tara
marty -> mart -> tart -> taut
marty -> mart -> tart -> tea
marty -> mart -> wart -> waft
marty -> mart -> wart -> wait
marty -> mart -> wart -> want
marty -> mart -> wart -> war
marty -> mart -> wart -> ward
marty -> mart -> wart -> warm
marty -> mart -> wart -> warn
marty -> mart -> wart -> warp
marty -> mart -> wart -> watts
marty -> marts -> arts -> acts
marty -> marts -> arts -> air
marty -> marts -> arts -> ants
marty -> marts -> arts -> arcs
marty -> marts -> arts -> ares
marty -> marts -> arts -> arms
marty -> marts -> arts -> ear
marty -> marts -> arts -> far
marty -> marts -> arts -> jar
marty -> marts -> arts -> oar
marty -> marts -> darts -> dares
marty -> marts -> darts -> darns
marty -> marts -> darts -> datsun
marty -> marts -> darts -> dirts
marty -> marts -> malts -> halts
marty -> marts -> malts -> mail
marty -> marts -> malts -> maul
marty -> marts -> malts -> meal
marty -> marts -> malts -> melts
marty -> marts -> malts -> salts
marty -> marts -> mares -> bares
marty -> marts -> mares -> fares
marty -> marts -> mares -> lares
marty -> marts -> mares -> mires
marty -> marts -> mares -> mores
marty -> marts -> mares -> pares
marty -> marts -> mares -> wares
marty -> marts -> marks -> barks
marty -> marts -> marks -> larks
marty -> marts -> marks -> parks
marty -> marts -> marsha -> marshal
marty -> marts -> masts -> fasts
marty -> marts -> masts -> lasts
marty -> marts -> masts -> massed
marty -> marts -> masts -> masses
marty -> marts -> masts -> massey
marty -> marts -> masts -> mists
marty -> marts -> masts -> musts
marty -> marts -> masts -> pasts
marty -> marts -> mats -> bats
marty -> marts -> mats -> eats
marty -> marts -> mats -> fats
marty -> marts -> mats -> hats
marty -> marts -> mats -> meats
marty -> marts -> mats -> mets
marty -> marts -> mats -> moats
marty -> marts -> mats -> oats
marty -> marts -> mats -> pats
marty -> marts -> mats -> rats
marty -> marts -> mats -> vats
marty -> marts -> matson -> masonic
marty -> marts -> matson -> masonry
marty -> marts -> matson -> mattson
marty -> marts -> matson -> watson
marty -> marts -> parts -> pacts
marty -> marts -> parts -> pants
marty -> marts -> parts -> paris
marty -> marts -> parts -> parsed
marty -> marts -> parts -> parser
marty -> marts -> parts -> parses
marty -> marts -> parts -> parson
marty -> marts -> parts -> ports
marty -> marts -> warts -> waits
marty -> marts -> warts -> wants
marty -> marts -> warts -> wards
marty -> marts -> warts -> warms
marty -> marts -> warts -> warns
marty -> marts -> warts -> warps
marty -> marts -> warts -> warsaw
marty -> marts -> warts -> wear
marty -> mary -> aryan -> airy
marty -> mary -> aryan -> army
marty -> mary -> aryan -> aryans
marty -> mary -> aryan -> awry
marty -> mary -> aryan -> bryan
marty -> mary -> aryan -> ryan
marty -> mary -> gary -> garb
marty -> mary -> gary -> gay
marty -> mary -> gary -> gayer
marty -> mary -> gary -> gayly
marty -> mary -> gary -> geary
marty -> mary -> gary -> goa
marty -> mary -> gary -> gory
marty -> mary -> many -> any
marty -> mary -> many -> manly
marty -> mary -> many -> mann
marty -> mary -> may -> ayes
marty -> mary -> may -> bay
marty -> mary -> may -> day
marty -> mary -> may -> hay
marty -> mary -> may -> jay
marty -> mary -> may -> kay
marty -> mary -> may -> lay
marty -> mary -> may -> maya
marty -> mary -> may -> mayo
marty -> mary -> may -> my
marty -> mary -> may -> myra
marty -> mary -> may -> myth
marty -> mary -> may -> nay
marty -> mary -> may -> pay
marty -> mary -> may -> ray
marty -> mary -> may -> say
marty -> mary -> may -> way
marty -> mary -> mayer -> layer
marty -> mary -> mayer -> meyer
marty -> mary -> mayer -> moyer
marty -> mary -> mayer -> payer
marty -> mary -> mayer -> sayer
marty -> mary -> mayor -> major
marty -> mary -> mayor -> manor
marty -> mary -> mayor -> mayors
marty -> mary -> nary -> nagy
marty -> mary -> nary -> navy
marty -> mary -> nary -> unary
marty -> mary -> vary -> eva
marty -> mary -> vary -> ovary
marty -> mary -> vary -> very
marty -> mary -> vary -> via
marty -> mary -> wary -> waxy
marty -> mary -> wary -> wayne
marty -> mary -> wary -> weary
marty -> mary -> wary -> wiry
marty -> mawr -> mardi -> mardis
marty -> mawr -> mardi -> marina
marty -> mawr -> mardi -> marine
marty -> mawr -> mardi -> marino
marty -> mawr -> mardi -> marion
marty -> mawr -> margo -> argo
marty -> mawr -> margo -> fargo
marty -> mawr -> marin -> main
marty -> mawr -> marin -> mainly
marty -> mawr -> marin -> margin
marty -> mawr -> marin -> marvin
marty -> mawr -> marsh -> mashed
marty -> mawr -> marsh -> mashes
marty -> party -> pair -> aired
marty -> party -> pair -> airer
marty -> party -> pair -> aires
marty -> party -> pair -> fair
marty -> party -> pair -> nair
marty -> party -> pair -> paid
marty -> party -> pair -> pail
marty -> party -> pair -> pain
marty -> party -> pair -> pairs
marty -> party -> pair -> parke
marty -> party -> pair -> parse
marty -> party -> pair -> parsi
marty -> party -> panty -> pansy
marty -> party -> panty -> pantry
marty -> party -> panty -> pawn
marty -> party -> panty -> plan
marty -> party -> panty -> span
marty -> party -> parity -> purity
marty -> party -> parity -> rarity
marty -> party -> partly -> portly
marty -> party -> partly -> tartly
marty -> party -> patty -> fatty
marty -> party -> patty -> peat
marty -> party -> patty -> petty
marty -> party -> patty -> putty
marty -> party -> patty -> spat
marty -> party -> pear -> ape
marty -> party -> pear -> eared
marty -> party -> pear -> earls
marty -> party -> pear -> early
marty -> party -> pear -> earns
marty -> party -> pear -> earth
marty -> party -> pear -> fear
marty -> party -> pear -> near
marty -> party -> pear -> peak
marty -> party -> pear -> peal
marty -> party -> pear -> pearl
marty -> party -> pear -> pears
marty -> party -> pear -> peas
marty -> party -> pear -> peer
marty -> party -> pear -> per
marty -> party -> pear -> perch
marty -> party -> pear -> perez
marty -> party -> pear -> peril
marty -> party -> pear -> perky
marty -> party -> pear -> perle
marty -> party -> pear -> perth
marty -> party -> pear -> pie
marty -> party -> pear -> poe
marty -> party -> pear -> rear
marty -> party -> pear -> spear
marty -> party -> pear -> year
marty -> carty -> carey -> care -> cafe
marty -> carty -> carey -> care -> cage
marty -> carty -> carey -> care -> cake
marty -> carty -> carey -> care -> came
marty -> carty -> carey -> care -> cane
marty -> carty -> carey -> care -> cape
marty -> carty -> carey -> care -> case
marty -> carty -> carey -> care -> cave
marty -> carty -> carey -> care -> clare
marty -> carty -> carey -> care -> core
marty -> carty -> carey -> care -> creak
marty -> carty -> carey -> care -> cream
marty -> carty -> carey -> care -> creed
marty -> carty -> carey -> care -> creek
marty -> carty -> carey -> care -> creep
marty -> carty -> carey -> care -> creon
marty -> carty -> carey -> care -> crepe
marty -> carty -> carey -> care -> crept
marty -> carty -> carey -> care -> crest
marty -> carty -> carey -> care -> crete
marty -> carty -> carey -> care -> crews
marty -> carty -> carey -> care -> cure
marty -> carty -> carey -> cared -> bared
marty -> carty -> carey -> cared -> caged
marty -> carty -> carey -> cared -> caked
marty -> carty -> carey -> cared -> carder
marty -> carty -> carey -> cared -> carted
marty -> carty -> carey -> cared -> carved
marty -> carty -> carey -> cared -> cased
marty -> carty -> carey -> cared -> caved
marty -> carty -> carey -> cared -> cored
marty -> carty -> carey -> cared -> credit
marty -> carty -> carey -> cared -> cured
marty -> carty -> carey -> cared -> dared
marty -> carty -> carey -> cared -> fared
marty -> carty -> carey -> cared -> scared
marty -> carty -> carey -> cares -> cadres
marty -> carty -> carey -> cares -> caesar
marty -> carty -> carey -> cares -> cafes
marty -> carty -> carey -> cares -> cages
marty -> carty -> carey -> cares -> cakes
marty -> carty -> carey -> cares -> capes
marty -> carty -> carey -> cares -> caress
marty -> carty -> carey -> cares -> carves
marty -> carty -> carey -> cares -> cases
marty -> carty -> carey -> cares -> caves
marty -> carty -> carey -> cares -> ceres
marty -> carty -> carey -> cares -> cores
marty -> carty -> carey -> cares -> crests
marty -> carty -> carey -> cares -> cures
 passed
generate_word_ladder("code", "data", word_list).size() == 6code
code -> bode
code -> cede
code -> cod
code -> coded
code -> coder
code -> codes
code -> cody
code -> coke
code -> cole
code -> come
code -> cone
code -> cope
code -> core
code -> cove
code -> mode
code -> node
code -> ode
code -> rode
code -> bode -> abo
code -> bode -> abode
code -> bode -> bade
code -> bode -> bide
code -> bode -> bodes
code -> bode -> body
code -> bode -> boers
code -> bode -> bone
code -> bode -> bore
code -> bode -> bose
code -> cede -> ace
code -> cede -> ceded
code -> cede -> cue
code -> cede -> ice
code -> cod -> clod
code -> cod -> coed
code -> cod -> cog
code -> cod -> cold
code -> cod -> con
code -> cod -> coo
code -> cod -> cop
code -> cod -> cord
code -> cod -> cot
code -> cod -> cow
code -> cod -> god
code -> cod -> nod
code -> cod -> odds
code -> cod -> odes
code -> cod -> odin
code -> cod -> odor
code -> cod -> pod
code -> cod -> rod
code -> cod -> sod
code -> coded -> coddle
code -> coded -> coped
code -> coded -> corded
code -> coded -> cored
code -> coded -> cowed
code -> coder -> cider
code -> coder -> coders
code -> coder -> coerce
code -> coder -> colder
code -> coder -> comer
code -> coder -> corder
code -> coder -> corer
code -> coder -> cover
code -> coder -> cower
code -> coder -> yoder
code -> codes -> cokes
code -> codes -> comes
code -> codes -> cones
code -> codes -> copes
code -> codes -> cores
code -> codes -> coves
code -> codes -> modes
code -> codes -> nodes
code -> codes -> odessa
code -> cody -> cady
code -> cody -> copy
code -> cody -> cosy
code -> cody -> coypu
code -> cody -> cozy
code -> cody -> jody
code -> coke -> cake
code -> coke -> choke
code -> coke -> cooke
code -> coke -> joke
code -> coke -> poke
code -> coke -> woke
code -> coke -> yoke
code -> cole -> clean
code -> cole -> clear
code -> cole -> cleft
code -> cole -> clerk
code -> cole -> colt
code -> cole -> dole
code -> cole -> ecole
code -> cole -> hole
code -> cole -> mole
code -> cole -> pole
code -> cole -> role
code -> cole -> sole
code -> come -> came
code -> come -> comb
code -> come -> comet
code -> come -> dome
code -> come -> home
code -> come -> lome
code -> come -> omega
code -> come -> omens
code -> come -> rome
code -> come -> some
code -> cone -> cane
code -> cone -> clone
code -> cone -> done
code -> cone -> gone
code -> cone -> hone
code -> cone -> lone
code -> cone -> none
code -> cone -> one
code -> cone -> tone
code -> cone -> zone
code -> cope -> cape
code -> cope -> cops
code -> cope -> copse
code -> cope -> dope
code -> cope -> hope
code -> cope -> opens
code -> cope -> opera
code -> cope -> pope
code -> cope -> rope
code -> cope -> scope
code -> core -> care
code -> core -> chore
code -> core -> corey
code -> core -> cork
code -> core -> corn
code -> core -> creak
code -> core -> cream
code -> core -> creed
code -> core -> creek
code -> core -> creep
code -> core -> creon
code -> core -> crepe
code -> core -> crept
code -> core -> crest
code -> core -> crete
code -> core -> crews
code -> core -> cure
code -> core -> fore
code -> core -> gore
code -> core -> lore
code -> core -> more
code -> core -> ore
code -> core -> pore
code -> core -> score
code -> core -> sore
code -> core -> tore
code -> core -> wore
code -> cove -> cave
code -> cove -> clove
code -> cove -> covet
code -> cove -> dove
code -> cove -> jove
code -> cove -> love
code -> cove -> move
code -> cove -> ovens
code -> cove -> overt
code -> cove -> rove
code -> cove -> wove
code -> mode -> made
code -> mode -> mao
code -> mode -> model
code -> mode -> modem
code -> mode -> moe
code -> node -> anode
code -> node -> nods
code -> node -> nose
code -> node -> note
code -> node -> nude
code -> ode -> de
code -> ode -> dead
code -> ode -> deaf
code -> ode -> deal
code -> ode -> dean
code -> ode -> dear
code -> ode -> debt
code -> ode -> deck
code -> ode -> deed
code -> ode -> deem
code -> ode -> deep
code -> ode -> deer
code -> ode -> defy
code -> ode -> dell
code -> ode -> demo
code -> ode -> dens
code -> ode -> dent
code -> ode -> deny
code -> ode -> desk
code -> ode -> deus
code -> ode -> dewy
code -> ode -> go
code -> ode -> io
code -> ode -> jo
code -> ode -> no
code -> ode -> odd
code -> ode -> owe
code -> ode -> po
code -> ode -> so
code -> ode -> to
code -> rode -> erode
code -> rode -> fro
code -> rode -> pro
code -> rode -> rho
code -> rode -> rhode
code -> rode -> ride
code -> rode -> rio
code -> rode -> robe
code -> rode -> rodeo
code -> rode -> rods
code -> rode -> roe
code -> rode -> rose
code -> rode -> rowe
code -> rode -> rude
code -> bode -> abo -> abe
code -> bode -> abo -> abos
code -> bode -> abo -> abu
code -> bode -> abo -> ado
code -> bode -> abo -> ago
code -> bode -> abo -> boar
code -> bode -> abo -> boat
code -> bode -> abo -> bobs
code -> bode -> abo -> boca
code -> bode -> abo -> boer
code -> bode -> abo -> bogs
code -> bode -> abo -> bohr
code -> bode -> abo -> boil
code -> bode -> abo -> bois
code -> bode -> abo -> bold
code -> bode -> abo -> boll
code -> bode -> abo -> bolt
code -> bode -> abo -> bomb
code -> bode -> abo -> bond
code -> bode -> abo -> bong
code -> bode -> abo -> bonn
code -> bode -> abo -> bony
code -> bode -> abo -> boob
code -> bode -> abo -> book
code -> bode -> abo -> boom
code -> bode -> abo -> boon
code -> bode -> abo -> boor
code -> bode -> abo -> boos
code -> bode -> abo -> boot
code -> bode -> abo -> borg
code -> bode -> abo -> born
code -> bode -> abo -> boss
code -> bode -> abo -> both
code -> bode -> abo -> bout
code -> bode -> abo -> bowl
code -> bode -> abo -> bows
code -> bode -> abo -> boyd
code -> bode -> abo -> boys
code -> bode -> abo -> ha
code -> bode -> abode -> abide
code -> bode -> abode -> abodes
code -> bode -> abode -> above
code -> bode -> bade -> adele
code -> bode -> bade -> adept
code -> bode -> bade -> babe
code -> bode -> bade -> bad
code -> bode -> bade -> baden
code -> bode -> bade -> badge
code -> bode -> bade -> bake
code -> bode -> bade -> bale
code -> bode -> bade -> bane
code -> bode -> bade -> bare
code -> bode -> bade -> base
code -> bode -> bade -> blade
code -> bode -> bade -> boa
code -> bode -> bade -> bra
code -> bode -> bade -> dade
code -> bode -> bade -> fade
code -> bode -> bade -> jade
code -> bode -> bade -> wade
code -> bode -> bide -> aide
code -> bode -> bide -> bid
code -> bode -> bide -> bids
code -> bode -> bide -> bike
code -> bode -> bide -> bile
code -> bode -> bide -> bite
code -> bode -> bide -> bride
code -> bode -> bide -> hide
code -> bode -> bide -> ideal
code -> bode -> bide -> ideas
code -> bode -> bide -> side
code -> bode -> bide -> tide
code -> bode -> bide -> wide
code -> bode -> bodes -> bodies
code -> bode -> bodes -> bones
code -> bode -> bodes -> bores
code -> bode -> bodes -> bowes
code -> bode -> bodes -> boxes
code -> bode -> body -> boy
code -> bode -> body -> boyce
code -> bode -> body -> boyle
code -> bode -> boers -> beers
code -> bode -> boers -> boners
code -> bode -> boers -> boors
code -> bode -> boers -> bowers
code -> bode -> boers -> boxers
code -> bode -> boers -> byers
code -> bode -> boers -> doers
code -> bode -> bone -> boned
code -> bode -> bone -> boner
code -> bode -> bone -> boone
code -> bode -> bone -> borne
code -> bode -> bore -> bored
code -> bode -> bore -> borer
code -> bode -> bore -> bread
code -> bode -> bore -> break
code -> bode -> bore -> breed
code -> bode -> bore -> brent
code -> bode -> bore -> brest
code -> bode -> bore -> brett
code -> bode -> bore -> breve
code -> bode -> bore -> brews
code -> bode -> bose -> boise
code -> bode -> bose -> dose
code -> bode -> bose -> hose
code -> bode -> bose -> jose
code -> bode -> bose -> lose
code -> bode -> bose -> pose
code -> cede -> ace -> aces
code -> cede -> ace -> ache
code -> cede -> ace -> acme
code -> cede -> ace -> acne
code -> cede -> ace -> acre
code -> cede -> ace -> act
code -> cede -> ace -> age
code -> cede -> ace -> ale
code -> cede -> ace -> ape
code -> cede -> ace -> are
code -> cede -> ace -> ate
code -> cede -> ace -> awe
code -> cede -> ace -> aye
code -> cede -> ace -> cell
code -> cede -> ace -> celt
code -> cede -> ace -> cent
code -> cede -> ace -> cern
code -> cede -> ace -> face
code -> cede -> ace -> lace
code -> cede -> ace -> mace
code -> cede -> ace -> pace
code -> cede -> ace -> race
code -> cede -> ceded -> cued
code -> cede -> ceded -> iced
code -> cede -> cue -> clue
code -> cede -> cue -> cub
code -> cede -> cue -> cube
code -> cede -> cue -> cues
code -> cede -> cue -> cup
code -> cede -> cue -> cut
code -> cede -> cue -> cute
code -> cede -> cue -> due
code -> cede -> cue -> hue
code -> cede -> cue -> rue
code -> cede -> cue -> sue
code -> cede -> ice -> dice
code -> cede -> ice -> hi
code -> cede -> ice -> ices
code -> cede -> ice -> icy
code -> cede -> ice -> ike
code -> cede -> ice -> ire
code -> cede -> ice -> lice
code -> cede -> ice -> mice
code -> cede -> ice -> nice
code -> cede -> ice -> pi
code -> cede -> ice -> rice
code -> cede -> ice -> vice
code -> cod -> clod -> clad
code -> cod -> clod -> clods
code -> cod -> clod -> clog
code -> cod -> clod -> clot
code -> cod -> clod -> cloud
code -> cod -> clod -> lodge
code -> cod -> clod -> plod
code -> cod -> coed -> cedar
code -> cod -> cog -> bog
code -> cod -> cog -> cogs
code -> cod -> cog -> dog
code -> cod -> cog -> fog
code -> cod -> cog -> hog
code -> cod -> cog -> jog
code -> cod -> cold -> colds
code -> cod -> cold -> could
code -> cod -> cold -> fold
code -> cod -> cold -> gold
code -> cod -> cold -> hold
code -> cod -> cold -> mold
code -> cod -> cold -> old
code -> cod -> cold -> olden
code -> cod -> cold -> older
code -> cod -> cold -> scold
code -> cod -> cold -> sold
code -> cod -> cold -> told
code -> cod -> con -> can
code -> cod -> con -> cohn
code -> cod -> con -> coin
code -> cod -> con -> coon
code -> cod -> con -> don
code -> cod -> con -> icon
code -> cod -> con -> ion
code -> cod -> con -> jon
code -> cod -> con -> non
code -> cod -> con -> on
code -> cod -> con -> once
code -> cod -> con -> ones
code -> cod -> con -> only
code -> cod -> con -> onto
code -> cod -> con -> onus
code -> cod -> con -> onyx
code -> cod -> con -> ron
code -> cod -> con -> son
code -> cod -> con -> ton
code -> cod -> con -> won
code -> cod -> con -> yon
code -> cod -> coo -> boo
code -> cod -> coo -> coco
code -> cod -> coo -> cook
code -> cod -> coo -> cool
code -> cod -> coo -> coop
code -> cod -> coo -> moo
code -> cod -> coo -> ooze
code -> cod -> coo -> too
code -> cod -> coo -> woo
code -> cod -> coo -> zoo
code -> cod -> cop -> cap
code -> cod -> cop -> chop
code -> cod -> cop -> crop
code -> cod -> cop -> hop
code -> cod -> cop -> mop
code -> cod -> cop -> opal
code -> cod -> cop -> opec
code -> cod -> cop -> opel
code -> cod -> cop -> open
code -> cod -> cop -> opts
code -> cod -> cop -> opus
code -> cod -> cop -> pop
code -> cod -> cop -> top
code -> cod -> cord -> card
code -> cod -> cord -> chord
code -> cod -> cord -> cords
code -> cod -> cord -> curd
code -> cod -> cord -> ford
code -> cod -> cord -> lord
code -> cod -> cord -> order
code -> cod -> cord -> word
code -> cod -> cot -> cat
code -> cod -> cot -> coat
code -> cod -> cot -> cost
code -> cod -> cot -> cots
code -> cod -> cot -> dot
code -> cod -> cot -> got
code -> cod -> cot -> hot
code -> cod -> cot -> jot
code -> cod -> cot -> lot
code -> cod -> cot -> not
code -> cod -> cot -> otis
code -> cod -> cot -> otto
code -> cod -> cot -> pot
code -> cod -> cot -> rot
code -> cod -> cot -> scot
code -> cod -> cow -> bow
code -> cod -> cow -> caw
code -> cod -> cow -> cowl
code -> cod -> cow -> cows
code -> cod -> cow -> crow
code -> cod -> cow -> dow
code -> cod -> cow -> how
code -> cod -> cow -> low
code -> cod -> cow -> mow
code -> cod -> cow -> now
code -> cod -> cow -> owed
code -> cod -> cow -> owen
code -> cod -> cow -> owes
code -> cod -> cow -> owls
code -> cod -> cow -> owns
code -> cod -> cow -> row
code -> cod -> cow -> scow
code -> cod -> cow -> sow
code -> cod -> cow -> tow
code -> cod -> cow -> vow
code -> cod -> god -> gad
code -> cod -> god -> goa
code -> cod -> god -> goad
code -> cod -> god -> gods
code -> cod -> god -> good
code -> cod -> nod -> an
code -> cod -> nod -> en
code -> cod -> nod -> in
code -> cod -> nod -> ned
code -> cod -> nod -> nor
code -> cod -> odds -> adds
code -> cod -> odes -> des
code -> cod -> odes -> desks
code -> cod -> odes -> ores
code -> cod -> odin -> din
code -> cod -> odin -> dinah
code -> cod -> odin -> dined
code -> cod -> odin -> diner
code -> cod -> odin -> dines
code -> cod -> odin -> dingo
code -> cod -> odin -> dingy
code -> cod -> odin -> olin
code -> cod -> odin -> orin
code -> cod -> odor -> doria
code -> cod -> odor -> doric
code -> cod -> odor -> doris
code -> cod -> odor -> odors
code -> cod -> pod -> pad
code -> cod -> pod -> pods
code -> cod -> pod -> poe
code -> cod -> pod -> pond
code -> cod -> pod -> pox
code -> cod -> pod -> prod
code -> cod -> pod -> up
code -> cod -> rod -> red
code -> cod -> rod -> rid
code -> cod -> rod -> road
code -> cod -> rod -> rob
code -> cod -> rod -> roy
code -> cod -> rod -> trod
code -> cod -> sod -> as
code -> cod -> sod -> is
code -> cod -> sod -> sad
code -> cod -> sod -> shod
code -> cod -> sod -> sob
code -> cod -> sod -> soda
code -> cod -> sod -> sods
code -> cod -> sod -> sol
code -> cod -> sod -> soy
code -> cod -> sod -> us
code -> coded -> coddle -> cuddle
code -> coded -> coped -> cooped
code -> coded -> coped -> copied
code -> coded -> coped -> doped
code -> coded -> coped -> hoped
code -> coded -> coped -> moped
code -> coded -> coped -> roped
code -> coded -> coped -> scoped
code -> coded -> corded -> chorded
code -> coded -> corded -> corked
code -> coded -> corded -> worded
code -> coded -> cored -> cared
code -> coded -> cored -> credit
code -> coded -> cored -> cured
code -> coded -> cored -> pored
code -> coded -> cored -> scored
code -> coded -> cowed -> bowed
code -> coded -> cowed -> crowed
code -> coded -> cowed -> mowed
code -> coded -> cowed -> rowed
code -> coded -> cowed -> towed
code -> coded -> cowed -> vowed
code -> coder -> cider -> acid
code -> coder -> cider -> cinder
code -> coder -> cider -> rider
code -> coder -> cider -> wider
code -> coder -> coders -> comers
code -> coder -> coders -> corers
code -> coder -> coders -> covers
code -> coder -> coders -> cowers
code -> coder -> coerce -> coerced
code -> coder -> coerce -> coerces
code -> coder -> colder -> bolder
code -> coder -> colder -> calder
code -> coder -> colder -> folder
code -> coder -> colder -> holder
code -> coder -> colder -> molder
code -> coder -> colder -> solder
code -> coder -> comer -> comber
code -> coder -> comer -> homer
code -> coder -> corder -> border
code -> coder -> corder -> carder
code -> coder -> corder -> corker
code -> coder -> corder -> corner
code -> coder -> corder -> ordered
code -> coder -> corder -> orderly
code -> coder -> corer -> corral
code -> coder -> corer -> scorer
code -> coder -> corer -> sorer
code -> coder -> cover -> clover
code -> coder -> cover -> covert
code -> coder -> cover -> dover
code -> coder -> cover -> hover
code -> coder -> cover -> lover
code -> coder -> cover -> mover
code -> coder -> cover -> over
code -> coder -> cover -> overly
code -> coder -> cover -> rover
code -> coder -> cower -> bower
code -> coder -> cower -> lower
code -> coder -> cower -> mower
code -> coder -> cower -> power
code -> coder -> cower -> rower
code -> coder -> cower -> tower
code -> coder -> cower -> vower
code -> coder -> yoder -> yonder
code -> codes -> cokes -> cakes
code -> codes -> cokes -> chokes
code -> codes -> cokes -> cock
code -> codes -> cokes -> jokes
code -> codes -> cokes -> pokes
code -> codes -> cokes -> yokes
code -> codes -> comes -> combs
code -> codes -> comes -> comets
code -> codes -> comes -> domes
code -> codes -> comes -> homes
code -> codes -> cones -> clones
code -> codes -> cones -> consul
code -> codes -> cones -> hones
code -> codes -> cones -> jones
code -> codes -> cones -> tones
code -> codes -> cones -> zones
code -> codes -> copes -> capes
code -> codes -> copes -> copies
code -> codes -> copes -> dopes
code -> codes -> copes -> hopes
code -> codes -> copes -> ropes
code -> codes -> copes -> scopes
code -> codes -> cores -> cares
code -> codes -> cores -> ceres
code -> codes -> cores -> chores
code -> codes -> cores -> corks
code -> codes -> cores -> corns
code -> codes -> cores -> corps
code -> codes -> cores -> corset
code -> codes -> cores -> crests
code -> codes -> cores -> cures
code -> codes -> cores -> mores
code -> codes -> cores -> pores
code -> codes -> cores -> scores
code -> codes -> cores -> sores
code -> codes -> coves -> caves
code -> codes -> coves -> cloves
code -> codes -> coves -> covets
code -> codes -> coves -> doves
code -> codes -> coves -> loves
code -> codes -> coves -> moves
code -> codes -> coves -> roves
code -> codes -> modes -> models
code -> codes -> modes -> modems
code -> codes -> modes -> modest
code -> codes -> modes -> modus
code -> codes -> modes -> moles
code -> codes -> modes -> mood
code -> codes -> modes -> moses
code -> codes -> nodes -> anodes
code -> codes -> nodes -> noses
code -> codes -> nodes -> notes
code -> codes -> nodes -> noyes
code -> cody -> cady -> candy
code -> cody -> cady -> lady
code -> cody -> cosy -> rosy
code -> cody -> jody -> joy
code -> cody -> jody -> joyce
code -> cody -> jody -> judy
code -> coke -> cake -> akers
code -> coke -> cake -> cafe
code -> coke -> cake -> cage
code -> coke -> cake -> caked
code -> coke -> cake -> case
code -> coke -> cake -> fake
code -> coke -> cake -> jake
code -> coke -> cake -> lake
code -> coke -> cake -> make
code -> coke -> cake -> rake
code -> coke -> cake -> sake
code -> coke -> cake -> take
code -> coke -> cake -> wake
code -> coke -> choke -> chao
code -> coke -> choke -> choked
code -> coke -> choke -> choker
code -> coke -> choke -> chose
code -> coke -> choke -> echo
code -> coke -> cooke -> cooked
code -> coke -> cooke -> cookie
code -> coke -> cooke -> cooks
code -> coke -> cooke -> cooky
code -> coke -> joke -> joe
code -> coke -> joke -> joked
code -> coke -> joke -> joker
code -> coke -> poke -> pike
code -> coke -> poke -> poems
code -> coke -> poke -> poets
code -> coke -> poke -> poked
code -> coke -> poke -> poker
code -> coke -> poke -> puke
code -> coke -> poke -> spoke
code -> coke -> woke -> awoke
code -> coke -> woke -> two
code -> coke -> woke -> who
code -> coke -> woke -> woe
code -> cole -> clean -> clan
code -> cole -> clean -> clangs
code -> cole -> clean -> cleans
code -> cole -> clean -> clench
code -> cole -> clean -> glean
code -> cole -> clean -> lean
code -> cole -> clean -> leaned
code -> cole -> clean -> leaner
code -> cole -> clean -> mclean
code -> cole -> clear -> blear
code -> cole -> clear -> clarke
code -> cole -> clear -> clears
code -> cole -> clear -> clergy
code -> cole -> clear -> clerks
code -> cole -> clear -> lear
code -> cole -> clear -> learns
code -> cole -> cleft -> clefts
code -> cole -> cleft -> left
code -> cole -> clerk -> clark
code -> cole -> colt -> colts
code -> cole -> colt -> cult
code -> cole -> colt -> jolt
code -> cole -> colt -> volt
code -> cole -> dole -> dale
code -> cole -> dole -> doe
code -> cole -> dole -> doge
code -> cole -> dole -> doled
code -> cole -> dole -> doles
code -> cole -> dole -> doll
code -> cole -> dole -> dote
code -> cole -> dole -> doyle
code -> cole -> dole -> doze
code -> cole -> hole -> hale
code -> cole -> hole -> hoe
code -> cole -> hole -> holed
code -> cole -> hole -> holes
code -> cole -> hole -> holm
code -> cole -> hole -> holy
code -> cole -> hole -> howe
code -> cole -> hole -> whole
code -> cole -> mole -> male
code -> cole -> mole -> mile
code -> cole -> mole -> moll
code -> cole -> mole -> mule
code -> cole -> pole -> pale
code -> cole -> pole -> pile
code -> cole -> pole -> plead
code -> cole -> pole -> pleas
code -> cole -> pole -> pleat
code -> cole -> pole -> poled
code -> cole -> pole -> poles
code -> cole -> pole -> polk
code -> cole -> pole -> poll
code -> cole -> pole -> polo
code -> cole -> pole -> poole
code -> cole -> pole -> pyle
code -> cole -> role -> roles
code -> cole -> role -> roll
code -> cole -> role -> rule
code -> cole -> sole -> sale
code -> cole -> sole -> sao
code -> cole -> sole -> sleds
code -> cole -> sole -> sleek
code -> cole -> sole -> sleep
code -> cole -> sole -> sleet
code -> cole -> sole -> slept
code -> cole -> sole -> soles
code -> cole -> sole -> solo
code -> cole -> sole -> solve
code -> cole -> sole -> stole
code -> come -> came -> amend
code -> come -> came -> cam
code -> come -> came -> camel
code -> come -> came -> camp
code -> come -> came -> dame
code -> come -> came -> fame
code -> come -> came -> game
code -> come -> came -> lame
code -> come -> came -> name
code -> come -> came -> same
code -> come -> came -> tame
code -> come -> comb -> cobb
code -> come -> comb -> cobol
code -> come -> comb -> cobra
code -> come -> comb -> lomb
code -> come -> comb -> tomb
code -> come -> comb -> womb
code -> come -> dome -> dime
code -> come -> dome -> domed
code -> come -> home -> hom
code -> come -> home -> homed
code -> come -> home -> homo
code -> come -> home -> hume
code -> come -> lome -> flo
code -> come -> lome -> lao
code -> come -> lome -> leo
code -> come -> lome -> lime
code -> come -> lome -> lobe
code -> come -> lome -> lowe
code -> come -> omens -> mens
code -> come -> omens -> mensch
code -> come -> omens -> omen
code -> come -> omens -> owens
code -> come -> rome -> rime
code -> come -> rome -> romeo
code -> come -> rome -> romp
code -> come -> some -> smear
code -> come -> some -> smell
code -> come -> some -> smelt
code -> cone -> cane -> caine
code -> cone -> cane -> caner
code -> cone -> cane -> canoe
code -> cone -> cane -> cans
code -> cone -> cane -> cant
code -> cone -> cane -> crane
code -> cone -> cane -> dane
code -> cone -> cane -> jane
code -> cone -> cane -> kane
code -> cone -> cane -> lane
code -> cone -> cane -> mane
code -> cone -> cane -> pane
code -> cone -> cane -> sane
code -> cone -> cane -> vane
code -> cone -> cane -> wane
code -> cone -> clone -> alone
code -> cone -> clone -> clio
code -> cone -> clone -> cloned
code -> cone -> clone -> close
code -> cone -> clone -> lonely
code -> cone -> clone -> loners
code -> cone -> done -> dine
code -> cone -> done -> dons
code -> cone -> done -> drone
code -> cone -> done -> dune
code -> cone -> done -> dyne
code -> cone -> gone -> ego
code -> cone -> gone -> gene
code -> cone -> gone -> goner
code -> cone -> gone -> gong
code -> cone -> hone -> honed
code -> cone -> hone -> honer
code -> cone -> hone -> honey
code -> cone -> hone -> phone
code -> cone -> hone -> shone
code -> cone -> lone -> leone
code -> cone -> lone -> line
code -> cone -> lone -> loner
code -> cone -> lone -> long
code -> cone -> none -> nine
code -> cone -> none -> nonce
code -> cone -> one -> do
code -> cone -> one -> neal
code -> cone -> one -> near
code -> cone -> one -> neat
code -> cone -> one -> neck
code -> cone -> one -> need
code -> cone -> one -> neff
code -> cone -> one -> neil
code -> cone -> one -> nell
code -> cone -> one -> neon
code -> cone -> one -> nero
code -> cone -> one -> ness
code -> cone -> one -> nest
code -> cone -> one -> nets
code -> cone -> one -> neva
code -> cone -> one -> news
code -> cone -> one -> newt
code -> cone -> one -> next
code -> cone -> tone -> atone
code -> cone -> tone -> ito
code -> cone -> tone -> stone
code -> cone -> tone -> toe
code -> cone -> tone -> toned
code -> cone -> tone -> toner
code -> cone -> tone -> toni
code -> cone -> tone -> tons
code -> cone -> tone -> tune
code -> cone -> zone -> zoe
code -> cone -> zone -> zoned
code -> cope -> cape -> caper
code -> cope -> cape -> capet
code -> cope -> cape -> caps
code -> cope -> cape -> gape
code -> cope -> cape -> rape
code -> cope -> cape -> tape
code -> cope -> cops -> chops
code -> cope -> cops -> coops
code -> cope -> cops -> costa
code -> cope -> cops -> costs
code -> cope -> cops -> crops
code -> cope -> cops -> cups
code -> cope -> cops -> hops
code -> cope -> cops -> mops
code -> cope -> cops -> pops
code -> cope -> cops -> tops
code -> cope -> copse -> corpse
code -> cope -> dope -> doper
code -> cope -> dope -> dupe
code -> cope -> hope -> hopi
code -> cope -> opens -> pens
code -> cope -> opera -> operas
code -> cope -> pope -> pipe
code -> cope -> pope -> popek
code -> cope -> rope -> grope
code -> cope -> rope -> ripe
code -> cope -> rope -> roper
code -> cope -> scope -> slope
code -> core -> care -> areas
code -> core -> care -> arena
code -> core -> care -> car
code -> core -> care -> caret
code -> core -> care -> carey
code -> core -> care -> carl
code -> core -> care -> carp
code -> core -> care -> carr
code -> core -> care -> cars
code -> core -> care -> cart
code -> core -> care -> carve
code -> core -> care -> clare
code -> core -> care -> dare
code -> core -> care -> fare
code -> core -> care -> hare
code -> core -> care -> mare
code -> core -> care -> pare
code -> core -> care -> rare
code -> core -> care -> scare
code -> core -> care -> ware
code -> core -> chore -> shore
code -> core -> chore -> whore
code -> core -> corey -> corny
code -> core -> cork -> fork
code -> core -> cork -> pork
code -> core -> cork -> work
code -> core -> cork -> york
code -> core -> corn -> acorn
code -> core -> corn -> congo
code -> core -> corn -> conic
code -> core -> corn -> horn
code -> core -> corn -> morn
code -> core -> corn -> scorn
code -> core -> corn -> torn
code -> core -> corn -> worn
code -> core -> corn -> zorn
code -> core -> creak -> creaks
code -> core -> creak -> creaky
code -> core -> creak -> croak
code -> core -> creak -> freak
code -> core -> creak -> wreak
code -> core -> cream -> cram
code -> core -> cream -> cramer
code -> core -> cream -> cramps
code -> core -> cream -> creams
code -> core -> cream -> creamy
code -> core -> cream -> dream
code -> core -> cream -> ream
code -> core -> cream -> scream
code -> core -> creed -> cree
code -> core -> creed -> creeds
code -> core -> creed -> crewed
code -> core -> creed -> cried
code -> core -> creed -> freed
code -> core -> creed -> greed
code -> core -> creed -> reed
code -> core -> creek -> cheek
code -> core -> creek -> creeks
code -> core -> creek -> greek
code -> core -> creep -> creeps
code -> core -> creep -> creepy
code -> core -> creon -> freon
code -> core -> crepe -> repeal
code -> core -> crepe -> repeat
code -> core -> crepe -> repels
code -> core -> crepe -> repent
code -> core -> crept -> cretan
code -> core -> crept -> cretin
code -> core -> crept -> crypt
code -> core -> crest -> chest
code -> core -> crest -> crust
code -> core -> crest -> rest
code -> core -> crest -> rested
code -> core -> crest -> wrest
code -> core -> crete -> crate
code -> core -> crete -> create
code -> core -> crews -> chews
code -> core -> crews -> crew
code -> core -> crews -> crows
code -> core -> crews -> screws
code -> core -> cure -> curb
code -> core -> cure -> curl
code -> core -> cure -> curs
code -> core -> cure -> curse
code -> core -> cure -> curt
code -> core -> cure -> curve
code -> core -> cure -> jure
code -> core -> cure -> lure
code -> core -> cure -> pure
code -> core -> cure -> sure
code -> core -> fore -> afore
code -> core -> fore -> fire
code -> core -> fore -> foe
code -> core -> fore -> for
code -> core -> fore -> force
code -> core -> fore -> forge
code -> core -> fore -> form
code -> core -> fore -> fort
code -> core -> fore -> forte
code -> core -> fore -> freer
code -> core -> fore -> frees
code -> core -> fore -> fresh
code -> core -> fore -> freud
code -> core -> fore -> freya
code -> core -> gore -> goren
code -> core -> gore -> gorge
code -> core -> gore -> gory
code -> core -> gore -> great
code -> core -> gore -> green
code -> core -> gore -> greer
code -> core -> gore -> greet
code -> core -> gore -> gregg
code -> core -> gore -> greta
code -> core -> lore -> loire
code -> core -> lore -> loren
code -> core -> lore -> lyre
code -> core -> more -> mere
code -> core -> more -> mire
code -> core -> more -> moore
code -> core -> more -> morse
code -> core -> ore -> ere
code -> core -> ore -> or
code -> core -> ore -> orb
code -> core -> ore -> orr
code -> core -> ore -> re
code -> core -> ore -> read
code -> core -> ore -> real
code -> core -> ore -> reap
code -> core -> ore -> rear
code -> core -> ore -> redo
code -> core -> ore -> reds
code -> core -> ore -> reef
code -> core -> ore -> reel
code -> core -> ore -> reid
